https://timesofindia.indiatimes.com,https://timesofindia.indiatimes.com,https://timesofindia.indiatimes.com
https://economictimes.indiatimes.com,https://economictimes.indiatimes.com,https://economictimes.indiatimes.com
https://www.indiatoday.in,https://www.indiatoday.in,https://www.indiatoday.in
https://www.ndtv.com,https://www.ndtv.com,https://www.ndtv.com
http://indianexpress.com,http://indianexpress.com,http://indianexpress.com
http://abpnews.abplive.in,http://abpnews.abplive.in,http://abpnews.abplive.in
http://zeenews.india.com,http://zeenews.india.com,http://zeenews.india.com
http://edition.cnn.com,http://edition.cnn.com,http://edition.cnn.com
http://www.thehindu.com,http://www.thehindu.com,http://www.thehindu.com
http://www.indiatvnews.com,http://www.indiatvnews.com,http://www.indiatvnews.com
https://www.businesswire.com,https://www.businesswire.com,https://www.businesswire.com
http://www.thehindubusinessline.com,http://www.thehindubusinessline.com,http://www.thehindubusinessline.com
